decision_function,is_anomaly
0.036043849573772824,0
0.03066511422469642,0
0.04943024648579325,0
0.03553347559046549,0
0.05631785020971081,0
0.04784120886601906,0
0.024467798143138764,0
0.022530029357514747,0
0.04539996636517274,0
0.057853975268660096,0
-0.03799815635524045,1
-0.01351435378016369,1
0.008549714076037274,0
0.05876831235086066,0
-0.02834132254771754,1
-0.010005458156366609,1
0.03582468383108789,0
0.057853975268660096,0
0.04377868601121032,0
0.022530029357514747,0
0.040483946551522654,0
0.05897319351897856,0
0.04972695565939583,0
0.05002084624891856,0
0.041286296046203874,0
0.057853975268660096,0
0.03954064354637732,0
-0.01380762250814338,1
0.042380297493579855,0
0.05801335988596773,0
0.04942447085083457,0
0.026552918498079725,0
0.026581273109547,0
0.05801335988596773,0
0.050487287639121914,0
-0.010253187191804514,1
0.040740494770550584,0
0.05801335988596773,0
-0.02639630559072864,1
0.038306417971128603,0
0.05424661426099947,0
0.05897319351897856,0
0.0040881493630058885,0
-0.01351435378016369,1
0.02365452228450171,0
0.0577685022054823,0
-0.031449371091636036,1
0.02903667000099347,0
0.049054450665944216,0
0.0332024205262097,0
0.04878435535573722,0
0.049966591967747775,0
0.05990531140576755,0
0.058871220008998304,0
-0.007349925004814961,1
0.027029890352611052,0
0.05164839441628877,0
0.05659728638413003,0
-0.022373156736500033,1
0.0013945501214774336,0
0.049555784057183194,0
0.057900628741150595,0
0.0379880410107899,0
0.039712942836968856,0
0.05230496244950705,0
0.05801335988596773,0
0.050107861431393064,0
-0.02642643803028677,1
0.05978065163681334,0
0.05996275105516996,0
0.04901417394605345,0
0.04628929524323866,0
0.057309165032097154,0
0.057900628741150595,0
0.04377868601121032,0
0.03628864649242852,0
0.004800159512774904,0
0.0577685022054823,0
0.0345693170145957,0
0.03170014543919286,0
0.05772162379982948,0
0.05884660229323241,0
0.04720409204144527,0
-0.021037127251946064,1
-0.004446678708789675,1
0.0577685022054823,0
-0.023038917150454086,1
0.04010336441757478,0
0.05081915861749381,0
0.03228509903660859,0
0.04871025781967647,0
0.04768448601035202,0
0.05631785020971081,0
0.0603009495818298,0
-0.02266095261753287,1
-0.02359712361666194,1
-0.02847577287798203,1
0.011733235159458733,0
-0.031449371091636036,1
-0.026295068371650188,1
0.01806831963963129,0
0.03146966238848237,0
0.03617634583058743,0
0.036783848371783445,0
0.03804779538465575,0
0.0577685022054823,0
-0.02834132254771754,1
-0.01380762250814338,1
0.007435241554564709,0
0.0577685022054823,0
0.04853231732469643,0
-0.029538026672646656,1
0.034903546662536644,0
0.0542098769099994,0
0.0488922925455062,0
0.03799465265421337,0
0.05458176585246621,0
0.055864994647026156,0
-0.02739539058410878,1
-0.017583543957663483,1
0.007541509862649343,0
0.03472432442409645,0
0.03750316558158345,0
0.044980238523047944,0
0.03999327586280277,0
0.059063114487865,0
0.05313707526287881,0
0.03628864649242852,0
0.02365452228450171,0
0.057139167475526,0
0.050757123521101066,0
0.0382145331002669,0
0.03999327586280277,0
0.05940985062878712,0
0.05083516005202371,0
0.028217171429900156,0
0.058887392128954774,0
0.05647444058852269,0
0.05083516005202371,0
0.048374414283455514,0
0.05288309068910829,0
0.022976503087514533,0
-0.02639630559072864,1
-0.0022546050643416637,1
0.0577273605743609,0
0.0577685022054823,0
0.04972695565939583,0
-0.01844676590889288,1
0.007820338945212446,0
0.036078629064851875,0
0.0532406169211283,0
0.045702929936402625,0
0.05656245018717154,0
0.0577685022054823,0
0.05305354637880472,0
0.049706877563927554,0
0.05081915861749381,0
0.0577685022054823,0
0.03617634583058743,0
0.048374414283455514,0
0.036043849573772824,0
0.0577685022054823,0
0.02277187436748057,0
0.04768448601035202,0
0.05904339618268423,0
0.06004903655948296,0
0.03750316558158345,0
0.005074834575916731,0
0.05512046703108331,0
0.06116146704867792,0
0.051053951853372526,0
0.04519326185247041,0
0.05779700389429393,0
0.0577685022054823,0
0.043783992697317586,0
0.045539599720749,0
0.0577273605743609,0
0.059241179189226556,0
0.04972695565939583,0
0.048374414283455514,0
0.05843477769950145,0
0.0577685022054823,0
0.050674296500108684,0
0.03553347559046549,0
0.05288309068910829,0
0.06061040852245664,0
0.050107861431393064,0
0.04984138682981576,0
0.026581273109547,0
0.06026482747804629,0
0.04942447085083457,0
0.048374414283455514,0
0.059286586414226905,0
0.0577685022054823,0
0.05286374991729126,0
0.02948419760134452,0
0.04823365134953683,0
0.06015723379243321,0
0.03750316558158345,0
0.039712942836968856,0
0.05722944358076981,0
0.05801335988596773,0
0.05006604744598153,0
0.048374414283455514,0
0.04930520216038836,0
0.0577685022054823,0
-0.0010006700703404925,1
0.03543480876646682,0
0.05978065163681334,0
0.0577685022054823,0
0.0345693170145957,0
0.04166068011866336,0
0.035163869226782885,0
0.06026482747804629,0
0.04878435535573722,0
0.028507551911712115,0
0.05081915861749381,0
0.0577685022054823,0
0.050107861431393064,0
0.003347481694108534,0
0.05711547975384601,0
0.0599361532556531,0
0.03127643538738589,0
0.04984138682981576,0
0.047648197127909075,0
0.06026482747804629,0
0.009935083577767956,0
0.005074834575916731,0
0.055735550264124856,0
0.05871070061251127,0
0.05013324104428868,0
0.012411160337311933,0
0.040740494770550584,0
0.05871070061251127,0
0.050757123521101066,0
0.0382145331002669,0
0.027643999911741934,0
0.05924957078771659,0
0.0530203905189921,0
0.048374414283455514,0
0.0399474931226953,0
0.059350167277252064,0
0.050053942780592775,0
0.03628864649242852,0
0.055416322835946996,0
0.05924957078771659,0
0.046542207706621486,0
0.04428840305971887,0
0.05424661426099947,0
0.06013561151912339,0
-0.023038917150454086,1
-0.019864360941403703,1
0.006485928143269704,0
0.033941934965211196,0
0.04597427715202962,0
0.03905005039461895,0
0.017796426546696387,0
0.06017954482913207,0
0.04942447085083457,0
0.03543480876646682,0
0.05288309068910829,0
0.059997854626972824,0
-0.02507691717766758,1
-0.032165637188573515,1
0.002091125708196695,0
0.034049593507580245,0
0.024467798143138764,0
0.0013945501214774336,0
0.05522901826656884,0
0.061218938880381546,0
0.049520739550993675,0
0.04984138682981576,0
0.05177120751256642,0
0.06117513255137491,0
0.05227517537861509,0
0.041114536781086564,0
0.04920060861112646,0
0.059997854626972824,0
0.047907134438161636,0
0.04043314146589044,0
0.05728361737677429,0
0.05975434008279412,0
-0.022354616548241057,1
-0.01844676590889288,1
0.0028866931033482146,0
0.03501577169710979,0
0.04309986066877114,0
0.04519326185247041,0
0.05424661426099947,0
0.06117513255137491,0
0.0532406169211283,0
0.017299331187412392,0
0.043699537759583906,0
0.059997854626972824,0
0.048410608561498036,0
0.031601852680213594,0
0.055735550264124856,0
0.059997854626972824,0
0.04942447085083457,0
0.045904728689658114,0
0.05813380561326287,0
0.06251391614901963,0
0.035350434330662484,0
0.05002084624891856,0
0.05904339618268423,0
0.06143923132799911,0
0.04535171664163734,0
0.04971865441852952,0
0.05779700389429393,0
0.059997854626972824,0
0.05029326477551882,0
0.05052509198351457,0
0.057021520203481,0
0.0603919584889388,0
0.0488922925455062,0
0.04984138682981576,0
-0.0015658390145797951,1
0.033377163623934614,0
0.050674296500108684,0
0.046928429270873595,0
0.0577273605743609,0
0.062284080827737454,0
0.0379880410107899,0
0.04519326185247041,0
0.05081915861749381,0
0.06143923132799911,0
0.03954064354637732,0
-0.01351435378016369,1
0.054768978238849186,0
0.060320749027373555,0
0.05053448615121586,0
0.051303681898387965,0
0.036875711194135186,0
0.060614283488723664,0
0.04943024648579325,0
0.04289929501611012,0
0.05978065163681334,0
0.06073558783795713,0
0.04972695565939583,0
0.05107010638283782,0
0.055735550264124856,0
0.06217016653234081,0
0.04377868601121032,0
0.05172038050017891,0
0.04344499226598003,0
0.06073558783795713,0
0.047907134438161636,0
0.043198039725963144,0
0.05701292949936215,0
0.061540737430116454,0
0.04767881375053973,0
0.04984138682981576,0
0.05722944358076981,0
0.06217016653234081,0
-0.03632730815501484,1
0.022530029357514747,0
0.040265318840399855,0
0.06117513255137491,0
0.04377868601121032,0
0.04428840305971887,0
0.006597405583127158,0
0.06073558783795713,0
0.05013324104428868,0
0.031601852680213594,0
0.055416322835946996,0
0.061690809168965854,0
0.05227517537861509,0
0.045539599720749,0
0.058887392128954774,0
0.061690809168965854,0
0.047907134438161636,0
-0.017592504282988197,1
0.0008112234291542397,0
0.06249381677218235,0
0.050674296500108684,0
0.03905005039461895,0
0.04920060861112646,0
0.062129184534569004,0
0.05301596337865383,0
0.03799465265421337,0
-0.0010755848526312062,1
0.021908446997783382,0
-0.022739404767272986,1
-0.0232244427122143,1
0.003450457191234768,0
0.03566242623613808,0
0.049520739550993675,0
0.05172038050017891,0
0.05801728063294698,0
0.0650764913405461,0
0.04972695565939583,0
0.031437478573861144,0
0.054768978238849186,0
0.06282821033865443,0
0.04475729410492818,0
0.04984138682981576,0
0.05801728063294698,0
0.06311969727838523,0
0.009935083577767956,0
0.045904728689658114,0
0.05722944358076981,0
0.059550138566306365,0
0.043783992697317586,0
0.04879359794742749,0
0.05656245018717154,0
0.06282821033865443,0
0.04972695565939583,0
0.04984138682981576,0
0.055735550264124856,0
0.06311969727838523,0
-0.022739404767272986,1
-0.018542694511972935,1
0.004741566342670422,0
0.039540414861612805,0
0.051256154460193215,0
0.04378772466490849,0
0.04025015595062231,0
0.06362866743273765,0
0.050487287639121914,0
0.05172038050017891,0
0.05078295485080958,0
0.06311969727838523,0
-0.025350968470007396,1
-0.01850826345338824,1
0.004800159512774904,0
0.03942601500451687,0
0.05006604744598153,0
0.04674133412895132,0
0.03582468383108789,0
0.06282821033865443,0
0.04901417394605345,0
0.048374414283455514,0
0.05690498039783659,0
0.06361735198570684,0
0.04330731872762733,0
0.023804396428854846,0
0.05483441622791174,0
0.06282821033865443,0
0.05013324104428868,0
0.04842942842944381,0
0.00451246033751912,0
0.039540414861612805,0
0.049476489614151964,0
0.044980238523047944,0
0.05821475516531571,0
0.06282821033865443,0
-0.021649615988431237,1
-0.018839366497648224,1
0.004800159512774904,0
0.038136765239084214,0
0.04928605398538649,0
0.04010336441757478,0
0.058069497508249024,0
0.0650764913405461,0
0.020629064965505484,0
0.051303681898387965,0
0.05627430719005294,0
0.06282821033865443,0
0.040395846777541045,0
0.04953904833820777,0
0.057309165032097154,0
0.06326519333839548,0
-0.023172144164012698,1
-0.022862687622487998,1
0.0028866931033482146,0
0.03942601500451687,0
0.04258374590064612,0
0.05002084624891856,0
0.055735550264124856,0
0.06431780224226574,0
0.051256154460193215,0
0.034822013197727875,0
0.008271378645686611,0
0.062436443423604715,0
0.04158245132352173,0
0.051303681898387965,0
0.0367718224873107,0
0.06306964584768648,0
0.05214173100741826,0
0.040859826948078326,0
0.05631785020971081,0
0.06306964584768648,0
0.0488922925455062,0
0.04953904833820777,0
0.059286586414226905,0
0.06306964584768648,0
0.04878435535573722,0
0.039270235153118005,0
0.05433458561680282,0
0.058111414363704816,0
0.04853231732469643,0
0.03553347559046549,0
0.05177120751256642,0
0.06306964584768648,0
0.04535171664163734,0
0.012411160337311933,0
0.028664599898530263,0
0.040534441861267756,0
0.04942447085083457,0
0.04971865441852952,0
0.04593905230861933,0
0.06502671450416758,0
0.04871025781967647,0
0.006593830833873049,0
0.03656277664798163,0
0.06420453595930864,0
0.04648079094054375,0
0.04519326185247041,0
0.043699537759583906,0
0.05958534005014593,0
0.0532406169211283,0
0.048374414283455514,0
0.058887392128954774,0
0.06420453595930864,0
0.048199115871327025,0
0.048374414283455514,0
0.05813444613782748,0
0.06306964584768648,0
0.04972695565939583,0
0.039712942836968856,0
0.05656245018717154,0
0.06454633012318939,0
0.05227517537861509,0
0.029709035807002904,0
0.05690498039783659,0
0.06357868742514688,0
0.051811489830341895,0
0.017299331187412392,0
0.013854373008144127,0
0.058111414363704816,0
0.04979456985081748,0
0.045702929936402625,0
0.032113263619078125,0
0.06357868742514688,0
-0.007349925004814961,1
0.04984138682981576,0
0.05628277905922302,0
0.06306964584768648,0
0.050487287639121914,0
0.043198039725963144,0
0.05487201071213499,0
0.06357868742514688,0
-0.012357812761502995,1
-0.007974702683846424,1
0.0399474931226953,0
0.06321516232496627,0
0.04942447085083457,0
0.04010336441757478,0
0.05627430719005294,0
0.06306964584768648,0
0.05029326477551882,0
0.04010336441757478,0
0.043699537759583906,0
0.06306964584768648,0
0.04309986066877114,0
0.05172038050017891,0
0.04429919834698309,0
0.032404388584965194,0
0.05214173100741826,0
0.03905005039461895,0
0.04539996636517274,0
0.058111414363704816,0
0.050107861431393064,0
0.04874829710904177,0
0.036043849573772824,0
0.06454633012318939,0
0.04967497207935817,0
0.03628864649242852,0
0.05764487741692981,0
0.05949958622415924,0
0.03537762133060596,0
0.048070876924811545,0
0.05627430719005294,0
0.06356737039023436,0
0.050053942780592775,0
0.04519326185247041,0
0.055416322835946996,0
0.06431780224226574,0
0.04013906529549516,0
0.03431998173530881,0
0.0577273605743609,0
0.06306964584768648,0
0.04377868601121032,0
0.040859826948078326,0
0.036043849573772824,0
0.058111414363704816,0
0.0530203905189921,0
0.05107010638283782,0
0.058887392128954774,0
0.06420453595930864,0
0.04942447085083457,0
0.028507551911712115,0
0.05843477769950145,0
0.06454633012318939,0
0.049520739550993675,0
0.046890123099672,0
0.054413991701302344,0
0.06321516232496627,0
0.047351311775072846,0
0.0452862996091436,0
0.04848495799774005,0
0.06534509580121045,0
0.01190448554397816,0
0.04984138682981576,0
0.05904339618268423,0
0.06534509580121045,0
0.05301596337865383,0
0.045702929936402625,0
0.058887392128954774,0
0.06283564136477288,0
0.04377868601121032,0
0.04971865441852952,0
0.05288309068910829,0
0.06259404747793795,0
0.048199115871327025,0
0.0452862996091436,0
0.05764487741692981,0
0.06318629318492508,0
0.05227517537861509,0
0.04519326185247041,0
0.054413991701302344,0
0.06347748772438394,0
0.043783992697317586,0
0.04882053750944404,0
0.05676739471233322,0
0.06376319833318972,0
0.04878435535573722,0
0.035542658893143175,0
0.055416322835946996,0
0.06579928437816457,0
-0.023038917150454086,1
-0.016930814025110097,1
0.006485928143269704,0
0.03863721396637576,0
0.050674296500108684,0
0.03905005039461895,0
0.04930520216038836,0
0.06441104539852849,0
0.051256154460193215,0
0.039712942836968856,0
0.058069497508249024,0
0.06470123984014947,0
0.047907134438161636,0
0.048070876924811545,0
0.054768978238849186,0
0.06441104539852849,0
-0.02266095261753287,1
-0.021037127251946064,1
0.004946638899701095,0
0.03760427889210011,0
0.048199115871327025,0
0.05172038050017891,0
0.05813380561326287,0
0.06616533273656267,0
-0.02830399614099971,1
-0.017592504282988197,1
0.0053028221642983375,0
0.03997775677488763,0
0.050757123521101066,0
0.03628864649242852,0
0.05764487741692981,0
0.06351652790077611,0
0.050757123521101066,0
0.04984138682981576,0
0.007171206680129161,0
0.03822557988179942,0
0.04903528953116537,0
0.051303681898387965,0
0.05288309068910829,0
0.0628402855021879,0
0.05305354637880472,0
0.027029890352611052,0
0.05707242024056064,0
0.06334965437556145,0
0.04979456985081748,0
0.0490745324325238,0
0.047885720449188096,0
0.065130501957127,0
-0.02834132254771754,1
0.020799755794410735,0
0.05707242024056064,0
0.0628402855021879,0
0.04579025435085454,0
0.051115622837270336,0
0.007687817120918483,0
0.038741556694825485,0
0.050107861431393064,0
0.04289929501611012,0
0.05288309068910829,0
0.0628402855021879,0
0.04597427715202962,0
0.04874829710904177,0
0.055735550264124856,0
0.06539906551890412,0
0.04330731872762733,0
0.04289929501611012,0
0.05701292949936215,0
0.0628402855021879,0
0.048199115871327025,0
0.039270235153118005,0
0.0565949045073848,0
0.066932323464381,0
0.05029326477551882,0
0.045702929936402625,0
0.05415501543114448,0
0.0628402855021879,0
0.05227517537861509,0
-0.011791662054086327,1
0.039561993903585724,0
0.06189879792892672,0
0.04204088682737811,0
0.05172038050017891,0
0.05512046703108331,0
0.06206257371657331,0
0.04158245132352173,0
0.0490745324325238,0
0.05772162379982948,0
0.0628402855021879,0
-0.022062641533988292,1
-0.01850826345338824,1
0.006196939017713288,0
0.037467888384436765,0
0.05013324104428868,0
0.04519326185247041,0
0.05629626630610102,0
0.0628402855021879,0
-0.02130676897405176,1
-0.017583543957663483,1
0.00438490077438175,0
0.039514213958917466,0
0.04377868601121032,0
0.051303681898387965,0
0.05205423691428862,0
0.06259869475857599,0
0.04972695565939583,0
0.05147578931082736,0
0.05255470897026232,0
0.06570701648941252,0
0.04013906529549516,0
0.0452862996091436,0
0.05629626630610102,0
0.065130501957127,0
0.04377868601121032,0
0.05107010638283782,0
0.05602080453593683,0
0.06548081815243978,0
0.050757123521101066,0
0.04378772466490849,0
0.059286586414226905,0
0.06659282494371754,0
0.004856410875729689,0
0.05205070344247331,0
0.04025015595062231,0
0.0628402855021879,0
-0.02834132254771754,1
0.04953904833820777,0
0.05978065163681334,0
0.0628402855021879,0
0.05029326477551882,0
-0.01954841063471091,1
0.0028866931033482146,0
0.03944494521953418,0
0.050757123521101066,0
0.049706877563927554,0
0.05627430719005294,0
0.049152894785334855,0
0.04943024648579325,0
0.036783848371783445,0
0.01624221405458809,0
0.06655952974225687,0
0.026378836902443303,0
0.04971865441852952,0
0.04025015595062231,0
0.06334965437556145,0
0.049476489614151964,0
0.051115622837270336,0
0.05779700389429393,0
0.065130501957127,0
-0.025350968470007396,1
-0.023417595874644592,1
0.006765471176426674,0
0.03944494521953418,0
0.05073707002355854,0
0.051115622837270336,0
0.05631785020971081,0
0.06548081815243978,0
0.050674296500108684,0
0.044379252147678905,0
0.05602080453593683,0
0.05977565164996668,0
0.04878435535573722,0
0.039712942836968856,0
0.05845178888797237,0
0.06334965437556145,0
0.050757123521101066,0
0.04953904833820777,0
0.04930520216038836,0
0.0664545194467363,0
-0.013736166872263034,1
0.022530029357514747,0
0.04052201492991597,0
0.06489406935075304,0
0.03496256558800909,0
-0.007974702683846424,1
0.05904339618268423,0
0.06659282494371754,0
0.046265619719241924,0
0.04882053750944404,0
0.004665864853119928,0
0.04094782157725341,0
0.04853231732469643,0
0.05002084624891856,0
0.05978065163681334,0
0.06206257371657331,0
0.04275468990904241,0
0.04879359794742749,0
0.058887392128954774,0
0.06484065832520797,0
0.050487287639121914,0
0.03348002337302186,0
0.05433458561680282,0
0.06207002798541622,0
0.05214173100741826,0
0.042366065830648336,0
0.05433458561680282,0
0.06715144185623262,0
0.050674296500108684,0
0.045539599720749,0
0.05656245018717154,0
0.06715144185623262,0
-0.023302488756354323,1
-0.02027224737287131,1
0.00451246033751912,0
0.040498611821685515,0
0.03617634583058743,0
0.045904728689658114,0
0.02568118400140662,0
0.06743336216366974,0
0.05214173100741826,0
0.048374414283455514,0
0.05522901826656884,0
0.060484779538130584,0
0.05013324104428868,0
0.03348002337302186,0
0.05690498039783659,0
0.06276719703793482,0
0.04972695565939583,0
0.048070876924811545,0
0.013036898538263064,0
0.06419724279824451,0
0.051256154460193215,0
0.045539599720749,0
0.05656245018717154,0
0.06563409912634188,0
0.04330731872762733,0
0.04674133412895132,0
0.05433458561680282,0
0.06559311545484886,0
0.04979456985081748,0
0.04768448601035202,0
0.058887392128954774,0
0.06559311545484886,0
0.048199115871327025,0
0.04874829710904177,0
0.0512449624838609,0
0.06563409912634188,0
0.04972695565939583,0
0.04984138682981576,0
0.05255470897026232,0
0.06715144185623262,0
0.04275468990904241,0
0.051115622837270336,0
0.05707242024056064,0
0.06385578023308547,0
0.05029326477551882,0
0.05205070344247331,0
0.05424661426099947,0
0.04115962341092666,0
0.050674296500108684,0
0.039712942836968856,0
0.05845178888797237,0
0.06334713463054559,0
0.04013906529549516,0
0.04674133412895132,0
0.057021520203481,0
0.0667292589950208,0
-0.031449371091636036,1
0.047052863924464616,0
0.055416322835946996,0
0.06743336216366974,0
0.04013906529549516,0
0.051115622837270336,0
0.05501586466981245,0
0.06743336216366974,0
0.04506353724109735,0
0.046928429270873595,0
0.05690498039783659,0
0.06640446132569683,0
0.050757123521101066,0
0.04879359794742749,0
0.05701292949936215,0
0.06706109778450364,0
-0.024127348084052536,1
-0.019864360941403703,1
0.006485928143269704,0
0.03998501421694339,0
0.051256154460193215,0
0.035542658893143175,0
0.05288309068910829,0
0.062603743840632,0
0.0530203905189921,0
0.05172038050017891,0
0.04930520216038836,0
0.06334713463054559,0
0.03954064354637732,0
0.05107010638283782,0
0.05711547975384601,0
0.06620979504530378,0
0.051811489830341895,0
0.03553347559046549,0
0.05638487919091717,0
0.06563409912634188,0
0.050757123521101066,0
0.048374414283455514,0
0.05764487741692981,0
0.06743336216366974,0
0.04013906529549516,0
0.04953904833820777,0
0.055199505253312686,0
0.06563409912634188,0
0.04377868601121032,0
0.0490745324325238,0
0.05690498039783659,0
0.06534466705362141,0
0.05214173100741826,0
0.0452862996091436,0
0.05628277905922302,0
0.062603743840632,0
-0.022354616548241057,1
-0.020903801945980738,1
0.003168670506054516,0
0.04005418459919996,0
0.046265619719241924,0
0.04519326185247041,0
0.05415501543114448,0
0.06590228134524279,0
0.05313707526287881,0
-0.0011072047982944033,1
0.043699537759583906,0
0.06563409912634188,0
0.03858869250460134,0
-0.024788534134766338,1
0.05978065163681334,0
0.06563409912634188,0
0.02985874466066646,0
0.048374414283455514,0
0.036043849573772824,0
0.05875347001327186,0
0.05214173100741826,0
0.0490745324325238,0
0.042380297493579855,0
0.06620979504530378,0
0.04871115942389481,0
0.0490745324325238,0
0.055416322835946996,0
0.06725256135412849,0
0.0356954483283507,0
0.04882053750944404,0
0.043699537759583906,0
0.06719548157909383,0
0.0379880410107899,0
0.04984138682981576,0
0.05779700389429393,0
0.06078966684600867,0
0.04903528953116537,0
0.036303712428739365,0
0.0006763968128230546,0
0.025760061834978754,0
0.026378836902443303,0
0.03348002337302186,0
0.05232170428437183,0
0.0654847887423981,0
0.05029326477551882,0
0.048374414283455514,0
0.059286586414226905,0
0.06498130186688689,0
0.052107230064151355,0
0.0490745324325238,0
0.05990531140576755,0
0.06610165693527348,0
0.05053448615121586,0
0.031437478573861144,0
0.034903546662536644,0
0.062444363709254935,0
0.04871115942389481,0
0.05002084624891856,0
0.05627430719005294,0
0.06248211480747118,0
0.050674296500108684,0
0.03553347559046549,0
0.055199505253312686,0
0.06581366935522948,0
0.049520739550993675,0
0.05172038050017891,0
0.05978065163681334,0
0.042499908132208275,0
0.04352419408635022,0
0.04806628300640109,0
0.043699537759583906,0
0.06218348052970901,0
0.050674296500108684,0
0.045539599720749,0
0.05483441622791174,0
0.0665839621041519,0
0.049520739550993675,0
0.04874829710904177,0
0.003263279270213304,0
0.03872630065948812,0
0.051811489830341895,0
0.048374414283455514,0
0.05424661426099947,0
0.0675205991753095,0
-0.030914749562115262,1
-0.03752814177573627,1
0.058887392128954774,0
0.06482678408498632,0
-0.0018556462982694533,1
0.031011023184888464,0
0.05629626630610102,0
0.06549298844458201,0
0.0532406169211283,0
0.05002084624891856,0
0.05602080453593683,0
0.0675205991753095,0
-0.031525047184061405,1
-0.020903801945980738,1
0.00438490077438175,0
0.039836937833337305,0
0.050674296500108684,0
0.016754319701668408,0
0.040740494770550584,0
0.06282131065942209,0
0.04432568312788815,0
0.051115622837270336,0
0.04429919834698309,0
0.06416867886617278,0
0.04912706754345797,0
-0.0011072047982944033,1
0.035304757313823654,0
0.06113151986054732,0
0.04942447085083457,0
0.04984138682981576,0
0.004800159512774904,0
0.03957977807319396,0
-0.025029192531020428,1
0.022530029357514747,0
0.05164839441628877,0
0.06480238326173487,0
-0.04089421953937544,1
0.05172038050017891,0
0.05627430719005294,0
0.06665085634802209,0
0.05305354637880472,0
0.04953904833820777,0
0.05813444613782748,0
0.050738060092229975,0
0.05029326477551882,0
0.024810520256287716,0
0.05627430719005294,0
0.06361552979997048,0
0.043783992697317586,0
0.034822013197727875,0
0.05490098815888478,0
0.06480238326173487,0
0.051256154460193215,0
0.0452862996091436,0
0.05522901826656884,0
0.0637502182171068,0
0.041838256560627896,0
0.03348002337302186,0
0.059286586414226905,0
0.06665085634802209,0
0.03954064354637732,0
0.05172038050017891,0
0.05695313204394298,0
0.06361552979997048,0
0.049520739550993675,0
0.05095149699676815,0
0.05728361737677429,0
0.06643433127154225,0
0.04928605398538649,0
0.048374414283455514,0
0.006765471176426674,0
0.038210303188438655,0
0.046265619719241924,0
0.046928429270873595,0
0.058069497508249024,0
0.06361512434811845,0
-0.025652248399332056,1
-0.0220019398522191,1
0.004793338140392345,0
0.03835213715150476,0
0.04579025435085454,0
0.012411160337311933,0
0.030177824130088626,0
0.06149889484780352,0
0.04871115942389481,0
0.0490745324325238,0
0.05332073044204899,0
0.06665085634802209,0
0.05073707002355854,0
0.031437478573861144,0
0.05690498039783659,0
0.06665085634802209,0
0.04871115942389481,0
0.0493695390355936,0
0.05701292949936215,0
0.06361512434811845,0
0.04942447085083457,0
-0.024788534134766338,1
0.03999327586280277,0
0.06704954626166326,0
0.0530203905189921,0
0.04768448601035202,0
0.04930520216038836,0
0.06326824602283793,0
0.04928605398538649,0
0.04519326185247041,0
0.0153412122465314,0
0.05738030726792315,0
0.05013324104428868,0
0.036303712428739365,0
0.05676739471233322,0
0.06665085634802209,0
-0.025350968470007396,1
-0.0232244427122143,1
0.006485928143269704,0
0.03846838920316692,0
0.04853231732469643,0
0.028507551911712115,0
0.05602080453593683,0
0.06678908499374603,0
-0.025350968470007396,1
-0.01923490694117297,1
0.007044825138561639,0
0.0386101272357709,0
0.05160175743765866,0
0.0013945501214774336,0
0.05288309068910829,0
0.06704954626166326,0
0.04972695565939583,0
0.045539599720749,0
0.059286586414226905,0
0.06678908499374603,0
0.04535171664163734,0
0.05172038050017891,0
0.05629626630610102,0
0.06361552979997048,0
0.04979456985081748,0
0.03348002337302186,0
0.05415501543114448,0
0.06665085634802209,0
0.050674296500108684,0
0.03933349581528672,0
0.058139462061229,0
0.06643433127154225,0
0.0532406169211283,0
0.0452862996091436,0
0.05602080453593683,0
0.06346023842432963,0
0.04579025435085454,0
0.04984138682981576,0
0.05845178888797237,0
0.06665085634802209,0
0.05227517537861509,0
0.03348002337302186,0
0.05522901826656884,0
0.06552048578824504,0
0.04579025435085454,0
0.051303681898387965,0
0.058887392128954774,0
0.06348638817936386,0
0.04013906529549516,0
0.04882053750944404,0
0.055416322835946996,0
0.061450691426847115,0
0.048199115871327025,0
0.031011023184888464,0
0.03582468383108789,0
0.062006983564667495,0
0.05305354637880472,0
0.04953904833820777,0
0.05602080453593683,0
0.0615251885377292,0
0.0530203905189921,0
0.046928429270873595,0
0.055416322835946996,0
0.06337161638493971,0
0.050674296500108684,0
0.02903667000099347,0
0.055416322835946996,0
0.06348638817936386,0
0.03537762133060596,0
0.051303681898387965,0
0.05813380561326287,0
0.06348638817936386,0
0.05214173100741826,0
0.046928429270873595,0
0.05709453790081065,0
0.059749521715528886,0
0.04158245132352173,0
0.028217171429900156,0
0.055416322835946996,0
0.06364166815881306,0
0.04972695565939583,0
0.051115622837270336,0
0.05602080453593683,0
0.06348638817936386,0
0.04579025435085454,0
0.045539599720749,0
0.04920060861112646,0
0.06707543261224364,0
-0.0018556462982694533,1
0.043198039725963144,0
0.05631785020971081,0
0.06364166815881306,0
0.050674296500108684,0
0.0490745324325238,0
0.05676739471233322,0
0.06329440986740031,0
0.050674296500108684,0
0.051303681898387965,0
0.05081915861749381,0
0.06364166815881306,0
0.009935083577767956,0
0.04984138682981576,0
0.05904339618268423,0
0.066872131828906,0
0.018451678287549067,0
0.04984138682981576,0
0.05522901826656884,0
0.06598342015087322,0
0.03537762133060596,0
0.04010336441757478,0
0.054740926510050414,0
0.06398919270971626,0
0.03639067859271855,0
0.0382145331002669,0
0.04025015595062231,0
0.06384180577166199,0
0.04013906529549516,0
0.04984138682981576,0
0.056216966519712586,0
0.06400635316694808,0
0.010025757501679389,0
0.04984138682981576,0
0.05801728063294698,0
0.0675407359362648,0
0.04960256193666862,0
0.05147578931082736,0
0.05801728063294698,0
0.06567957951273662,0
0.04853231732469643,0
0.02903667000099347,0
0.05602080453593683,0
0.0675407359362648,0
-0.02507691717766758,1
-0.01767122032197288,1
0.003168670506054516,0
0.03894581492626603,0
0.008634477395997153,0
0.04674133412895132,0
0.05779700389429393,0
0.06728063735699147,0
0.049857653188984996,0
0.034822013197727875,0
0.05512046703108331,0
0.06601380465800083,0
0.021438448935915566,0
0.027029890352611052,0
0.05676739471233322,0
0.06445856739169609,0
0.05227517537861509,0
0.035542658893143175,0
0.05415501543114448,0
0.06728063735699147,0
0.04903528953116537,0
0.04674133412895132,0
0.055328898762954604,0
0.06400635316694808,0
-0.025980812013225385,1
-0.017592504282988197,1
0.004375165034282147,0
0.03826031857452261,0
0.04377868601121032,0
0.051303681898387965,0
0.05701292949936215,0
0.06400635316694808,0
0.049520739550993675,0
0.037697842650609215,0
0.04920060861112646,0
0.06692637762434495,0
0.04972695565939583,0
0.0452862996091436,0
0.040740494770550584,0
0.022067708306152123,0
0.048199115871327025,0
0.027029890352611052,0
0.044658500975793936,0
0.06424600215950005,0
0.04943024648579325,0
0.027029890352611052,0
0.03969040818805786,0
0.06411109640681983,0
0.00879110094311486,0
0.031437478573861144,0
0.05656245018717154,0
0.06728063735699147,0
0.04912706754345797,0
0.05147578931082736,0
0.04758178371093058,0
0.06400635316694808,0
-0.02830399614099971,1
0.039712942836968856,0
0.054413991701302344,0
0.06210483818007806,0
0.05013324104428868,0
0.045702929936402625,0
0.05772162379982948,0
0.06424600215950005,0
0.03127643538738589,0
0.045539599720749,0
0.05631785020971081,0
0.06534644103383119,0
0.04979456985081748,0
0.04971865441852952,0
0.05230496244950705,0
0.06400635316694808,0
0.051256154460193215,0
0.04874829710904177,0
0.05081915861749381,0
0.06289132134055653,0
0.033016900636519075,0
0.048070876924811545,0
0.05629626630610102,0
0.06342856402174835,0
0.05301596337865383,0
0.051303681898387965,0
0.05288309068910829,0
0.06329440986740031,0
0.04330731872762733,0
0.012411160337311933,0
0.05177120751256642,0
0.06342856402174835,0
0.0415878058985259,0
0.031437478573861144,0
0.042380297493579855,0
0.06612037800679693,0
0.047351311775072846,0
0.048070876924811545,0
0.05255470897026232,0
0.06625881429523722,0
0.03127643538738589,0
0.0452862996091436,0
0.05535952922624249,0
0.06308008582593133,0
0.05227517537861509,0
0.031437478573861144,0
0.04196081617198422,0
0.06076819591506305,0
0.04972695565939583,0
0.046890123099672,0
0.05415501543114448,0
0.06431901133502504,0
0.038484087903533803,0
0.039712942836968856,0
0.054413991701302344,0
0.06337161638493982,0
0.048410608561498036,0
0.004794147294124251,0
0.03943314925441582,0
0.059181938411988155,0
0.051256154460193215,0
0.044379252147678905,0
0.04344499226598003,0
0.06612037800679693,0
0.0530203905189921,0
0.031437478573861144,0
0.000460379677177436,0
0.019151944575731106,0
0.048199115871327025,0
0.045539599720749,0
0.05764487741692981,0
0.062414944486805846,0
0.04377868601121032,0
0.032838608666507174,0
0.05904339618268423,0
0.06541077942672746,0
-0.021543379639277827,1
-0.018839366497648224,1
0.006638603659641418,0
0.03725684688814418,0
0.04377868601121032,0
0.04984138682981576,0
0.05978065163681334,0
0.06504849006296892,0
0.03127643538738589,0
0.04971865441852952,0
0.05722944358076981,0
0.06504849006296892,0
0.05073707002355854,0
0.04043314146589044,0
0.05087442520024266,0
0.06410859289262899,0
0.043904906960389845,0
0.022530029357514747,0
0.054880746854594153,0
0.062259129662068535,0
-0.010546984487854072,1
0.042366065830648336,0
0.04196081617198422,0
0.06541077942672746,0
0.05305354637880472,0
0.05052509198351457,0
0.05779700389429393,0
0.06321546705484193,0
0.05277237722565087,0
0.046890123099672,0
0.05904339618268423,0
0.06321546705484193,0
0.025549912475553327,0
0.048374414283455514,0
0.039561993903585724,0
0.06034827656255587,0
0.05305354637880472,0
0.0452862996091436,0
0.05631785020971081,0
0.06439928066825651,0
0.05020125198111325,0
0.046928429270873595,0
0.04593905230861933,0
0.06321107949678245,0
0.051811489830341895,0
0.031601852680213594,0
0.00012636413302336003,0
0.02539771608548025,0
0.04330731872762733,0
0.04289929501611012,0
0.05602080453593683,0
0.06637842573973912,0
-0.0032844687721010346,1
0.04953904833820777,0
0.05779700389429393,0
0.06084926705643734,0
0.024467798143138764,0
-0.03752814177573627,1
0.055328898762954604,0
0.06388451041882476,0
0.03127643538738589,0
0.051303681898387965,0
0.05656245018717154,0
0.037365996115100164,0
0.04013906529549516,0
0.048070876924811545,0
0.013036898538263064,0
0.06431435201941582,0
0.043783992697317586,0
0.051303681898387965,0
0.05722944358076981,0
0.06388451041882476,0
-0.022354616548241057,1
-0.022020032710609483,1
0.007044825138561639,0
0.038783371241063014,0
0.018451678287549067,0
0.04984138682981576,0
0.05904339618268423,0
0.06153246672935442,0
0.046265619719241924,0
0.035542658893143175,0
0.04758178371093058,0
0.06467475590015587,0
0.051053951853372526,0
0.035542658893143175,0
0.05764487741692981,0
0.06140200865628276,0
0.05227517537861509,0
0.037697842650609215,0
0.05415501543114448,0
0.06233496603943922,0
0.04972695565939583,0
0.04768448601035202,0
0.05487201071213499,0
0.06198541844532246,0
0.04928605398538649,0
0.040859826948078326,0
0.054880746854594153,0
0.0619559493587869,0
0.04853231732469643,0
0.051303681898387965,0
0.05235800381289041,0
0.06428507474443734,0
0.04979456985081748,0
0.04010336441757478,0
0.05656245018717154,0
0.0644898658091223,0
0.03537762133060596,0
0.05205070344247331,0
0.05978065163681334,0
0.06464550830813198,0
0.050487287639121914,0
0.05172038050017891,0
0.04344499226598003,0
0.06150296033760122,0
0.0356954483283507,0
0.03431998173530881,0
0.0565949045073848,0
0.06464550830813198,0
0.04506353724109735,0
-0.024487838385046923,1
0.05458176585246621,0
0.0619559493587869,0
0.0038067942776131014,0
0.05107010638283782,0
0.040740494770550584,0
0.06464550830813198,0
0.04979456985081748,0
-0.01850826345338824,1
0.004800159512774904,0
0.038859562798223835,0
0.047907134438161636,0
0.024072225986407236,0
0.05522901826656884,0
0.06268725248945278,0
0.048199115871327025,0
0.04984138682981576,0
0.04758178371093058,0
0.06150296033760122,0
0.04853231732469643,0
0.03194996408523337,0
0.05490098815888478,0
0.06269685330546576,0
0.05214173100741826,0
0.03784476484568927,0
0.04930520216038836,0
0.044794405002476445,0
0.05305354637880472,0
0.030837451958045492,0
0.04344499226598003,0
0.061346747892408515,0
0.03537762133060596,0
0.03191114581130089,0
0.04930520216038836,0
0.0635201005720466,0
-0.02658442864667565,1
-0.023073607859794343,1
0.007171206680129161,0
0.03893533419171902,0
0.04972695565939583,0
0.02886764287014687,0
0.05978065163681334,0
0.05943101852851729,0
0.0530203905189921,0
0.032134585966769325,0
0.058069497508249024,0
0.061346747892408515,0
0.027857567381867288,0
0.02313849218086811,0
0.05629626630610102,0
0.0635201005720466,0
0.04597427715202962,0
0.018413780942839686,0
0.05164839441628877,0
0.06354652621340001,0
0.04861311454199185,0
0.03704963435201797,0
0.05904339618268423,0
0.061346747892408515,0
-0.023302488756354323,1
-0.04063364208124792,1
0.05701292949936215,0
0.06347010532941211,0
0.050674296500108684,0
0.03803959326187056,0
0.03999327586280277,0
0.06428507474443734,0
0.04979456985081748,0
0.025842170856279878,0
0.05415501543114448,0
0.06450644028341346,0
0.03127643538738589,0
0.03758989650827271,0
0.04920060861112646,0
0.06400031524846667,0
0.04579025435085454,0
0.030837451958045492,0
0.05078295485080958,0
0.06380882697619877,0
0.046542207706621486,0
0.03844956337538019,0
0.008549714076037274,0
0.06464550830813198,0
0.049520739550993675,0
0.03758989650827271,0
0.05813444613782748,0
0.06275369574547579,0
0.049520739550993675,0
0.03803959326187056,0
0.05801728063294698,0
0.06258942234996268,0
0.043783992697317586,0
0.02886764287014687,0
0.04221636549919411,0
0.06450644028341346,0
-0.027188862630516897,1
-0.02294665241802879,1
0.006891938254948993,0
0.037424303464875575,0
0.04972695565939583,0
0.03803959326187056,0
0.05656245018717154,0
0.06450644028341346,0
0.033016900636519075,0
0.019741416774452958,0
0.030665629811563788,0
0.061346747892408515,0
0.027857567381867288,0
0.03240202138527892,0
0.05628277905922302,0
0.061635593717647874,0
0.04432568312788815,0
0.03803959326187056,0
0.02306245149085212,0
0.06473017744504411,0
0.0530203905189921,0
0.02120769509840198,0
0.05904339618268423,0
0.06464550830813198,0
0.05305354637880472,0
0.03266403587486327,0
0.036875711194135186,0
0.06354652621340001,0
0.04972695565939583,0
0.03730605973497836,0
0.05627430719005294,0
0.06464550830813198,0
0.03537762133060596,0
0.03667558552893496,0
0.05978065163681334,0
0.06414322640132342,0
0.04506353724109735,0
0.031100524655868322,0
0.054880746854594153,0
0.0635201005720466,0
-0.016427335758475492,1
0.03730605973497836,0
0.05676739471233322,0
0.06450644028341346,0
-0.031449371091636036,1
0.032116522802931646,0
0.05629626630610102,0
0.061346747892408515,0
0.04853231732469643,0
0.029249633123875907,0
0.0028866931033482146,0
0.039322545290335076,0
0.050674296500108684,0
0.02120769509840198,0
0.057309165032097154,0
0.06459757755467727,0
0.04878435535573722,0
0.02974663152700724,0
0.05433458561680282,0
0.056611619132745816,0
0.049520739550993675,0
0.03803959326187056,0
0.042380297493579855,0
0.0635201005720466,0
0.05214173100741826,0
0.036975101771330454,0
0.04344499226598003,0
0.06269685330546576,0
0.04275468990904241,0
0.03803959326187056,0
0.05813380561326287,0
0.06464550830813198,0
0.05227517537861509,0
0.02886764287014687,0
0.05332073044204899,0
0.05895937870647461,0
0.04204088682737811,0
0.03803959326187056,0
0.05813444613782748,0
0.0638551977419835,0
0.037081364426973906,0
0.038191464619044546,0
0.05660841454969395,0
0.06150296033760122,0
0.03298359507707449,0
0.029249633123875907,0
0.043699537759583906,0
0.04858538156039849,0
0.050107861431393064,0
0.038008976261359795,0
0.059610923577920805,0
0.06484167246171296,0
0.04275468990904241,0
0.036495205581661416,0
0.05695313204394298,0
0.06409331860111145,0
0.049287228490135615,0
0.026614801058101822,0
0.04221636549919411,0
0.0639540343506595,0
0.04013906529549516,0
0.03784476484568927,0
0.056216966519712586,0
0.06325533638038638,0
0.04352419408635022,0
-0.02234553765375752,1
0.04313064792153953,0
0.0636024194741086,0
0.050757123521101066,0
0.032116522802931646,0
0.05801728063294698,0
0.06230611534690833,0
0.03537762133060596,0
0.022601387436349818,0
0.05424661426099947,0
0.06409331860111145,0
-0.02474901979233818,1
0.018413780942839686,0
0.05424661426099947,0
0.0639540343506595,0
0.050674296500108684,0
0.026743964314801028,0
0.05081915861749381,0
0.06323636354146445,0
0.04728400151588463,0
0.0346859020677423,0
0.055416322835946996,0
0.061585334024661154,0
0.04901417394605345,0
0.02557553922440925,0
0.05813444613782748,0
0.06409331860111145,0
0.04903528953116537,0
0.03314872876798247,0
0.05490098815888478,0
0.06550784887861077,0
0.05286374991729126,0
0.03844564174029674,0
0.056216966519712586,0
0.06325533638038638,0
0.049520739550993675,0
0.03803959326187056,0
0.05656245018717154,0
0.0639540343506595,0
0.024467798143138764,0
0.033165866336856975,0
0.05695313204394298,0
0.0636024194741086,0
0.043783992697317586,0
0.03271835348588942,0
0.05081915861749381,0
0.0634965346790407,0
0.050053942780592775,0
0.029249633123875907,0
0.03804779538465575,0
0.06078942920702063,0
-0.022361695873491627,1
-0.026485959864816833,1
0.0028866931033482146,0
0.038525498410981796,0
0.04377868601121032,0
0.03667558552893496,0
0.0453474283480933,0
0.06484167246171296,0
0.04013906529549516,0
0.033809826795509645,0
0.041286296046203874,0
0.06325533638038638,0
0.0532406169211283,0
0.03479580544861527,0
0.05255470897026232,0
0.061585334024661154,0
0.03537762133060596,0
0.029249633123875907,0
0.04429919834698309,0
0.06214163379085247,0
0.027992287504131685,0
0.03784476484568927,0
0.05656245018717154,0
0.06409331860111145,0
0.04943024648579325,0
0.016348461288828886,0
0.054768978238849186,0
0.06270359295426658,0
0.05100461851221927,0
0.027877477175825283,0
0.049733116762262275,0
0.06409331860111145,0
0.051256154460193215,0
0.03120761635953223,0
0.05433458561680282,0
0.06550784887861077,0
0.0488922925455062,0
-0.023588001817906434,1
0.002604524854035284,0
0.038868740797587065,0
0.0532406169211283,0
0.03266403587486327,0
0.05990531140576755,0
0.06330177924436098,0
0.03127643538738589,0
-0.02294665241802879,1
0.005354523953218282,0
0.037255743523126994,0
0.04204088682737811,0
0.03730605973497836,0
0.05711547975384601,0
0.0636024194741086,0
0.04942447085083457,0
0.03844956337538019,0
0.05869159744948704,0
0.06325533638038638,0
0.05286374991729126,0
0.03194996408523337,0
0.05709453790081065,0
0.0639540343506595,0
0.051053951853372526,0
0.03844956337538019,0
0.05709453790081065,0
0.06253929650648532,0
0.04013906529549516,0
0.03758989650827271,0
0.05904339618268423,0
0.0611440332816065,0
0.043904906960389845,0
0.03742905712741956,0
0.0577273605743609,0
0.06214163379085247,0
0.046542207706621486,0
0.006814953016972547,0
0.05205423691428862,0
0.060127526031791,0
0.050757123521101066,0
0.029249633123875907,0
0.05602080453593683,0
0.0639540343506595,0
0.043904906960389845,0
0.034423943279987934,0
0.059286586414226905,0
0.06214163379085247,0
-0.025980812013225385,1
-0.027798364327739744,1
0.05676739471233322,0
0.061585334024661154,0
0.008634477395997153,0
0.03844956337538019,0
0.05656245018717154,0
0.06409331860111145,0
0.049520739550993675,0
0.03266403587486327,0
0.05629626630610102,0
0.06330177924436098,0
0.050053942780592775,0
0.032116522802931646,0
0.05779700389429393,0
0.061585334024661154,0
0.04878435535573722,0
0.02886764287014687,0
0.04930520216038836,0
0.06061388577376442,0
0.05214173100741826,0
0.032134585966769325,0
0.036875711194135186,0
0.06409331860111145,0
0.05227517537861509,0
0.03758989650827271,0
0.035163869226782885,0
0.06323636354146445,0
0.05029326477551882,0
0.036975101771330454,0
0.04920060861112646,0
0.0639540343506595,0
0.04995880603921332,0
0.030837451958045492,0
-0.01248393097633227,1
0.023578217951224723,0
0.050487287639121914,0
0.03784476484568927,0
0.057021520203481,0
0.03782954246269532,0
0.04907783885983952,0
-0.007582281727304463,1
0.05535952922624249,0
0.06253929650648532,0
0.04995880603921332,0
0.036975101771330454,0
0.04920060861112646,0
0.0639540343506595,0
0.0532406169211283,0
0.02120769509840198,0
0.059610923577920805,0
0.0636024194741086,0
-0.021543379639277827,1
-0.02294665241802879,1
0.00805765667622066,0
0.036753941666132606,0
0.04237203967301101,0
0.036495205581661416,0
0.05602080453593683,0
0.0639540343506595,0
0.050053942780592775,0
0.03266403587486327,0
0.05288309068910829,0
0.05491619514799745,0
0.037081364426973906,0
0.023969573020864166,0
0.05707242024056064,0
0.06409331860111145,0
-0.022361695873491627,1
0.03266403587486327,0
0.004665864853119928,0
0.03685406769822086,0
0.04928605398538649,0
0.02886764287014687,0
0.05332073044204899,0
0.0634965346790407,0
0.049520739550993675,0
0.0344252560080332,0
0.05522901826656884,0
0.058908743463778446,0
0.021438448935915566,0
-0.011459058067534,1
0.05230496244950705,0
0.0634965346790407,0
0.04942447085083457,0
0.03742905712741956,0
0.05627430719005294,0
0.060127526031791,0
0.04352419408635022,0
-0.011459058067534,1
0.059286586414226905,0
0.06235627390779791,0
0.03858869250460134,0
0.02886764287014687,0
0.0399474931226953,0
0.0635201005720466,0
0.04972695565939583,0
0.030837451958045492,0
0.05656245018717154,0
0.06235627390779791,0
0.03617634583058743,0
0.03742905712741956,0
0.05487201071213499,0
0.06414322640132342,0
0.01899439450740692,0
0.03662182323104268,0
0.05629626630610102,0
0.06252791889317694,0
0.0379880410107899,0
0.029249633123875907,0
0.043699537759583906,0
0.06521599042821119,0
-0.024427799848438292,1
-0.023013275639778452,1
0.002604524854035284,0
0.06275369574547579,0
0.04972695565939583,0
0.03704963435201797,0
0.05904339618268423,0
0.06555755820751274,0
0.01899439450740692,0
0.027107067717912714,0
0.047885720449188096,0
0.05496739058110256,0
0.046265619719241924,0
0.03271835348588942,0
0.05433458561680282,0
0.06521599042821119,0
0.0530203905189921,0
0.03844956337538019,0
0.055416322835946996,0
0.062191815429982644,0
0.04943024648579325,0
0.031100524655868322,0
0.05656245018717154,0
0.05895937870647461,0
0.046265619719241924,0
0.030837451958045492,0
0.055416322835946996,0
0.06335179810465802,0
0.05087694275928284,0
-0.02046687543767417,1
0.055416322835946996,0
0.06252791889317694,0
0.04013906529549516,0
0.03479580544861527,0
0.05656245018717154,0
0.04957994107693514,0
0.050674296500108684,0
0.03387375398706055,0
0.036043849573772824,0
0.05895937870647461,0
0.0530203905189921,0
0.03730605973497836,0
0.05722944358076981,0
0.06083980057260574,0
0.027501130547112285,0
0.026743964314801028,0
0.05078295485080958,0
0.06521599042821119,0
0.05214173100741826,0
0.028006931656779532,0
0.05904339618268423,0
0.062191815429982644,0
-0.02266095261753287,1
-0.02294665241802879,1
0.002604524854035284,0
0.036753941666132606,0
0.050053942780592775,0
0.03704963435201797,0
0.05415501543114448,0
0.06183152519767071,0
0.04377868601121032,0
0.02557553922440925,0
0.058887392128954774,0
0.06289675436840048,0
0.04209923611618788,0
0.03803959326187056,0
0.05631785020971081,0
0.06184014972264967,0
0.03617634583058743,0
0.03746902249995393,0
0.05631785020971081,0
0.06324906584578494,0
0.027766459790884324,0
-0.024316482228225966,1
0.002997184613832027,0
0.0359979787250122,0
-0.028000922682249185,1
0.02696765476833274,0
0.007435241554564709,0
0.0419722514871092,0
0.05013324104428868,0
0.03784476484568927,0
0.03999327586280277,0
0.06262560208998014,0
0.04579025435085454,0
0.022372452490364625,0
0.058139462061229,0
0.06332553413636338,0
-0.030824418933509012,1
0.03667558552893496,0
0.054768978238849186,0
0.06193198884030021,0
0.0415878058985259,0
0.038191464619044546,0
0.05205423691428862,0
0.058957559189832975,0
0.04432568312788815,0
0.03474148648016828,0
0.05711547975384601,0
0.06267388453619194,0
0.04901417394605345,0
0.033165866336856975,0
0.05711547975384601,0
0.04028002147011617,0
0.04972695565939583,0
0.03240202138527892,0
0.05631785020971081,0
0.06267388453619194,0
0.03558129064706589,0
0.02561315590264507,0
0.05415501543114448,0
0.06193198884030021,0
0.03496256558800909,0
0.004816439618917978,0
0.04848495799774005,0
0.06203833859035912,0
-0.0018556462982694533,1
0.010873593002288406,0
0.05230496244950705,0
0.019642408301841274,0
0.050674296500108684,0
-0.021150577025057182,1
0.01624221405458809,0
0.035547798798667596,0
0.0007456255483080931,0
-0.024780340496652897,1
0.02568118400140662,0
0.030951444365079628,0
-0.029466591005703813,1
-0.02234553765375752,1
0.005964852198832082,0
0.05499329028618044,0
0.008733425652415583,0
-0.012335283860504642,1
0.026581273109547,0
0.02335856865860192,0
0.009935083577767956,0
0.016837483381087148,0
0.035163869226782885,0
0.03921381499823878,0
0.03858869250460134,0
-0.011459058067534,1
0.04025015595062231,0
0.04455792380329121,0
0.015939818954083362,0
0.022710070485362666,0
0.01674746740715166,0
0.0389562334990573,0
0.0007456255483080931,0
-0.019285029174078316,1
0.013854373008144127,0
0.04455792380329121,0
-0.0007160634204657623,1
0.014413683011823608,0
0.05288309068910829,0
0.040672622646505785,0
0.01899439450740692,0
0.006814953016972547,0
0.03582468383108789,0
0.03549201975075722,0
-0.022865333721300285,1
-0.021150577025057182,1
0.042380297493579855,0
0.06030432573160022,0
0.04377868601121032,0
-0.021449014065390792,1
0.05978065163681334,0
0.05866323345884111,0
-0.014617019341129245,1
0.038445931806289524,0
0.05631785020971081,0
0.06150089004298959,0
0.04377868601121032,0
0.032134585966769325,0
0.04920060861112646,0
0.06118566274733589,0
0.04204088682737811,0
0.02696765476833274,0
0.020634503604104792,0
0.025240689595045218,0
0.01190448554397816,0
0.02696765476833274,0
0.05424661426099947,0
0.06044067534716108,0
0.0379880410107899,0
-0.012043010959785605,1
0.05813444613782748,0
0.0622273981982584,0
0.035350434330662484,0
0.023969573020864166,0
0.05631785020971081,0
0.06118566274733589,0
0.04942447085083457,0
0.022710070485362666,0
0.05638487919091717,0
0.06065551561242577,0
0.02605899345583662,0
0.02557553922440925,0
0.05290595624777461,0
0.06030432573160022,0
0.05013324104428868,0
0.02120769509840198,0
0.05660841454969395,0
0.062124694409970815,0
0.050053942780592775,0
0.02120769509840198,0
0.039047128035215595,0
0.0389562334990573,0
0.00879110094311486,0
-0.023578799359399494,1
0.05764487741692981,0
0.06041401931980139,0
0.03617634583058743,0
0.03704963435201797,0
0.04848495799774005,0
0.02335856865860192,0
0.04720409204144527,0
0.03844956337538019,0
0.05660841454969395,0
0.05866323345884111,0
0.05029326477551882,0
0.029357234781717423,0
0.05779700389429393,0
0.06017078644223367,0
0.051053951853372526,0
0.022601387436349818,0
0.05230496244950705,0
0.06188261934339401,0
0.049520739550993675,0
0.014413683011823608,0
0.009105820301313128,0
0.060120321194781334,0
0.04901417394605345,0
0.006535443473879854,0
0.05656245018717154,0
0.061392239236824464,0
0.04728400151588463,0
0.03271835348588942,0
0.059610923577920805,0
0.05842752237171023,0
-0.03244204346106566,1
0.018413780942839686,0
0.05701292949936215,0
0.06188261934339401,0
0.046265619719241924,0
0.019111068193925218,0
0.05602080453593683,0
0.060942952129808436,0
0.051256154460193215,0
0.022372452490364625,0
0.05904339618268423,0
0.06080243426291593,0
0.04995880603921332,0
-0.02234553765375752,1
0.04930520216038836,0
0.019520595144107533,0
0.04972695565939583,0
0.03191114581130089,0
0.05711547975384601,0
0.06080243426291593,0
-0.0327481227380918,1
0.03194996408523337,0
0.05288309068910829,0
0.05095742432838862,0
-0.031449371091636036,1
-0.033795126430202715,1
0.020037919068565058,0
0.056716932746526394,0
0.027501130547112285,0
0.03784476484568927,0
0.05631785020971081,0
0.057767641785677115,0
0.02605899345583662,0
0.02120769509840198,0
0.05695313204394298,0
0.06014440224630624,0
0.04152937759961045,0
0.03784476484568927,0
0.059610923577920805,0
0.058585007029719305,0
0.027501130547112285,0
0.02696765476833274,0
0.05522901826656884,0
0.060942952129808436,0
0.04972695565939583,0
0.02313849218086811,0
0.05288309068910829,0
0.0389562334990573,0
0.04942447085083457,0
0.038445931806289524,0
0.05415501543114448,0
0.06080243426291593,0
0.050674296500108684,0
0.029357234781717423,0
0.05764487741692981,0
0.06019746051079927,0
0.027501130547112285,0
0.018807427042946967,0
0.04196081617198422,0
0.06006101861173918,0
-0.025980812013225385,1
-0.027953304674986024,1
0.00451246033751912,0
0.034191881820148484,0
-0.02834132254771754,1
-0.0033595955622482965,1
0.05701292949936215,0
0.056420213218527304,0
0.009935083577767956,0
-0.021449014065390792,1
0.01806831963963129,0
0.054396790332904954,0
0.05100461851221927,0
0.03667558552893496,0
0.057309165032097154,0
0.06159012141544762,0
0.04506353724109735,0
0.026614801058101822,0
0.0577273605743609,0
0.056420213218527304,0
0.043783992697317586,0
0.03704963435201797,0
0.047885720449188096,0
0.06169297870556434,0
0.04979456985081748,0
0.03844564174029674,0
0.05764487741692981,0
0.0607520576537659,0
-0.02266095261753287,1
-0.025298697690000538,1
0.004460653499854972,0
0.03510481678754962,0
0.04579025435085454,0
0.032134585966769325,0
0.048059531050734516,0
0.060892595239344705,0
-0.03799815635524045,1
-0.007582281727304463,1
0.05701292949936215,0
0.06001053796071237,0
0.04377868601121032,0
0.024293091650226695,0
0.05627430719005294,0
0.056420213218527304,0
0.04967497207935817,0
0.02974663152700724,0
0.057309165032097154,0
0.06001053796071237,0
0.023664569265944846,0
0.032116522802931646,0
0.059286586414226905,0
0.054695162130506236,0
0.05301596337865383,0
0.035282434226745485,0
0.059286586414226905,0
0.06001053796071237,0
0.05301596337865383,0
0.03387375398706055,0
0.05656245018717154,0
0.054695162130506236,0
-0.022354616548241057,1
-0.021063025712569294,1
0.004800159512774904,0
0.03523403953361404,0
0.04901417394605345,0
0.03289782122571977,0
0.027643999911741934,0
0.05755897613339178,0
0.04535171664163734,0
0.03758989650827271,0
0.05629626630610102,0
0.060118746772583664,0
0.05013324104428868,0
0.02561315590264507,0
0.05779700389429393,0
0.05990358540549551,0
0.008455214560861679,0
0.03803959326187056,0
0.05978065163681334,0
0.060892595239344705,0
0.05227517537861509,0
0.030837451958045492,0
0.05978065163681334,0
0.059914210479932006,0
0.04275468990904241,0
0.03803959326187056,0
0.05631785020971081,0
0.05902974865551491,0
0.04928605398538649,0
0.029249633123875907,0
0.05656245018717154,0
0.05892250454064324,0
0.04967497207935817,0
0.03250516739741449,0
0.04930520216038836,0
0.05902974865551491,0
0.04995880603921332,0
0.031100524655868322,0
0.05433458561680282,0
0.05340069758481164,0
0.03245982147396992,0
0.03387375398706055,0
0.058887392128954774,0
0.06085657150947099,0
0.049287228490135615,0
0.030837451958045492,0
0.05501586466981245,0
0.05754950567807182,0
0.04152937759961045,0
0.03730605973497836,0
0.05631785020971081,0
0.05938218369133663,0
-0.010546984487854072,1
0.02557553922440925,0
0.05433458561680282,0
0.06001679150712019,0
0.049116380656248515,0
0.02313849218086811,0
0.059610923577920805,0
0.05762795636488788,0
0.04943024648579325,0
0.0344252560080332,0
0.055199505253312686,0
0.0601576168945715,0
0.04878435535573722,0
0.03240202138527892,0
0.05707242024056064,0
0.05938218369133663,0
0.04275468990904241,0
0.026517417087069506,0
0.05078295485080958,0
0.059357319400521136,0
0.05528993805047816,0
0.07978485349102432,0
0.07995620396501352,0
0.059785508650227026,0
0.06224266808327006,0
0.04766659216199509,0
0.05607956190488961,0
0.07523440135772103,0
0.06263702241097735,0
0.05758679825927643,0
0.04812459262905083,0
0.048126259928928716,0
0.057770428872988444,0
0.04628176639237824,0
0.06381035628135534,0
0.059964773881803546,0
0.03974625772824186,0
0.07411496979358273,0
0.06128576680215386,0
0.07244448428808237,0
0.062353557600812404,0
0.048856489673917924,0
0.06644487606363547,0
0.05766102904824222,0
0.04878270995696227,0
0.061357300967501416,0
0.06174785445279002,0
0.0641144504487694,0
0.059256924564815905,0
0.04477609981529923,0
0.054986690757057755,0
0.06731920506599776,0
0.06733140398506138,0
0.06098636096624249,0
0.060783231053154196,0
0.06796349124760137,0
0.06380277529437645,0
0.05266307944959919,0
0.06966193597096554,0
0.06073384601755999,0
0.04568404994974057,0
0.057613818095933134,0
0.06679313299349338,0
0.0620682544552254,0
0.06770132832841985,0
0.07092661823986918,0
0.06854220073557488,0
0.0342878153353528,0
0.057352824743735376,0
0.06832926832203645,0
0.06148355718180548,0
0.05959791393824343,0
0.07623855250507156,0
0.06034992009107348,0
0.0641557921169747,0
0.05731948562130801,0
0.05999561248313856,0
0.057478717925736666,0
0.052276469755279165,0
0.054693838561601926,0
0.06462955494909783,0
0.068029005635659,0
0.050019737342414716,0
0.05216053356510497,0
0.0527607484929572,0
0.05859982211485626,0
0.06651179171758298,0
0.058447737421935375,0
0.07636967083515667,0
0.04316769222216388,0
0.0579942688855688,0
0.07004495747132389,0
0.055509486988452594,0
0.07481065093458228,0
0.06790072499553945,0
0.04673349329908488,0
0.05857984533840266,0
0.07186952899587856,0
0.07412271492097133,0
0.06650045181285702,0
0.06173036532796794,0
0.059295993712045025,0
0.05928356448963856,0
0.07718982423181137,0
0.06495133735463071,0
0.056786667895883325,0
0.04780777927781499,0
0.06694202767335722,0
0.056441302609604505,0
0.04907971063675076,0
0.064064704368691,0
0.06180900978768589,0
0.057901961514808364,0
0.058635177205224265,0
0.06831437592245615,0
0.07681260514109545,0
0.06496177984215029,0
0.060256700670329955,0
0.06800670929287445,0
0.06349354079880726,0
0.05227956850892296,0
0.07001164124700582,0
0.06339432275119722,0
0.07558783301317229,0
0.05463579763484372,0
0.056182345678279455,0
0.07642061168420222,0
0.06117493474699898,0
0.06943225695203525,0
0.0645732991550475,0
0.06877488731733489,0
0.06853113326989974,0
0.057821962725793874,0
0.0486688688468504,0
0.0800224924416284,0
0.054259316153648485,0
0.06560112205616514,0
0.06798853887147172,0
0.07553529412118132,0
0.06994719163920549,0
0.06341563067423506,0
0.055175590504707495,0
0.052315967512155226,0
0.07397617165080578,0
0.06773734149135718,0
0.06263722399048788,0
0.06176277150152465,0
0.06506495524411471,0
0.06701821180827289,0
0.04496630189035927,0
0.07457703569635277,0
0.07113795673458984,0
0.052345266574691074,0
0.062479628265530884,0
0.07299470184817775,0
0.05521639617559193,0
0.06803583670163516,0
0.05483876599154336,0
0.04493851814400601,0
0.06283326061566868,0
0.06183306516510678,0
0.07553198365610808,0
0.06419443212578962,0
0.05968484681066505,0
0.07049200268556594,0
0.0649637040800713,0
0.05577212974148593,0
0.07502097546628267,0
0.06446206813619054,0
0.06568882813721161,0
0.048627198929164395,0
0.06267627291165107,0
0.07116756396553253,0
0.06735907270288971,0
0.07348132035476534,0
0.05860005733394924,0
0.0703507097219282,0
0.05609262730064718,0
0.04163058185401225,0
0.06463143952455364,0
0.045024564521238986,0
0.05348439939454236,0
0.06376146805501581,0
0.06348573064507851,0
0.0620142249492629,0
0.06557341052313176,0
0.05970174757175373,0
0.06759599571053149,0
0.06732783439271395,0
0.05846826869962224,0
0.07225871786895649,0
0.060836029978647344,0
0.07004136756340412,0
0.06895868991124604,0
0.06368621337808333,0
0.06714536997606002,0
0.06156517500970782,0
0.05627581883231214,0
0.06694067549396227,0
0.05945284770879772,0
0.06547764011363927,0
0.059057731924833434,0
0.06387802169190221,0
0.051473182861641265,0
0.0780968867096899,0
0.06363201404695878,0
0.07888377854612572,0
0.06502015670081907,0
0.07310723436528155,0
0.06603924767949976,0
0.05963363146898859,0
0.06674673749902749,0
0.061437154656323434,0
0.051835820569758495,0
0.0773281908180502,0
0.07615759695021929,0
0.07255000834727104,0
0.07163310001889706,0
0.05875627801130029,0
0.06596940855894379,0
0.0591604055842595,0
0.06919643568216244,0
0.06247821355306338,0
0.05649991655513564,0
0.0724218174555381,0
0.06547283441980267,0
0.07090149422361414,0
0.06105015355583954,0
0.07617981890872927,0
0.05375832708508155,0
0.0624866719837367,0
0.058024570924214036,0
0.053161085570251065,0
0.07167006344606736,0
0.07178308993278054,0
0.07394545409182385,0
0.05158423530457701,0
0.06738995196290137,0
0.0618636368606128,0
0.0595211579370622,0
0.06865968855197957,0
0.06890723127201093,0
0.06549524368305837,0
0.05269106906453247,0
0.07371380287434948,0
0.05849862340342221,0
0.07148697841604013,0
0.06794664128072136,0
0.05730796307990749,0
0.07865190965939939,0
0.07496877103618282,0
0.0564611925868872,0
0.06065286663917713,0
0.07080556557359213,0
0.07421640524642309,0
0.06139827173070056,0
0.0695735431551272,0
0.04919869635722657,0
0.050051533948590965,0
0.05830528966085019,0
0.04718706582200549,0
0.06250138603666211,0
0.051269872557517804,0
0.05852368812192599,0
0.06930797878823414,0
0.040194957945717424,0
0.04752710300837065,0
0.047423854524046405,0
0.06141541202268397,0
0.03591975689279919,0
0.06218903037358553,0
0.04829749827971752,0
0.071403131253159,0
0.04472109523599632,0
0.07056050980961776,0
0.0528429581313512,0
0.07519132349238133,0
0.043278494845129245,0
0.06502527557643395,0
0.06368005892950512,0
0.05194476403917864,0
0.07324305474006498,0
0.0632956170200068,0
0.06820310007210051,0
0.04275272151575893,0
0.06221547258512494,0
0.03794211988266727,0
0.059024992300570345,0
0.04922278638080152,0
0.08123350779250826,0
0.04465270100306118,0
0.05724319194826888,0
0.06174489331505084,0
0.06866732559036082,0
0.05381862403362375,0
0.07020176053803318,0
0.029046082855590682,0
0.07029703309767149,0
0.04982727778856144,0
0.03157330219275428,0
0.07409534165538367,0
0.08109787843745908,0
0.045538626383462566,0
0.048356936471988854,0
0.07884192283559488,0
0.060196708147706945,0
0.06255661786292782,0
0.07173653897765436,0
0.06120292022766888,0
0.05342986690945378,0
0.05128964165376371,0
0.08050110454923864,0
0.07978485349102432,0
0.06475578325789388,0
0.06633476821146,0
0.057294381875563294,0
0.056748915761293706,0
0.04782910555553427,0
0.06398949630153555,0
0.06263702241097735,0
0.048126259928928716,0
0.059964773881803546,0
0.07374633093892918,0
0.04628176639237824,0
0.07244448428808237,0
0.055453539373349015,0
0.07224579010311571,0
0.043633858767443856,0
0.03974625772824186,0
0.06777496083706902,0
0.07164972479267356,0
0.062353557600812404,0
0.0711826615713575,0
0.06644487606363547,0
0.06293412376692892,0
0.050748882558954544,0
0.0570051887082032,0
0.052841024305485484,0
0.0674984005050197,0
0.058970358913391474,0
0.06558538094349298,0
0.06439632970613773,0
0.05265198573441904,0
0.06174785445279002,0
0.06638836578196056,0
0.07167192207664053,0
0.04477609981529923,0
0.05716258124902862,0
0.060783231053154196,0
0.06670663479105149,0
0.05544109733144126,0
0.05201500580664087,0
0.06417264082298335,0
0.07003284261420467,0
0.07143726755187907,0
0.06207561136181927,0
0.04826359078175868,0
0.03572840676582256,0
0.0686590384710028,0
0.06351230615791348,0
0.06332617118969613,0
0.06708050885745925,0
0.07092661823986918,0
0.06881075033179612,0
0.06073531801000287,0
0.06187023227403138,0
0.05453920992469452,0
0.059441494613313106,0
0.06928434953537271,0
0.05051355942722402,0
0.05048704632007539,0
0.057352824743735376,0
0.06434354549639087,0
0.055267875101998154,0
0.04512569645063441,0
0.0627177311245371,0
0.05666865357134526,0
0.07620784702434924,0
0.07381903330113532,0
0.0629182787745175,0
0.05438251119529436,0
0.054416594970390086,0
0.05487428011708062,0
0.06929370152021525,0
0.06440619407650966,0
0.06316797642834177,0
0.047251640502708914,0
0.07753445314634394,0
0.07256750529692052,0
0.06393937456421717,0
0.055717801090952646,0
0.0760144101232611,0
0.05100083486478746,0
0.07273468545963302,0
0.06423805137287814,0
0.051241706727082725,0
0.05506776840503497,0
0.07325113850060466,0
0.06533031205346085,0
0.060771326169535955,0
0.052924238436269366,0
0.06429673843630695,0
0.0602508841872933,0
0.05808436733738154,0
0.05790045855089854,0
0.06824372085051639,0
0.06620560606057285,0
0.07603755642407478,0
0.07112366384479185,0
0.07247467526759221,0
0.065230161974274,0
0.06117493474699898,0
0.05311667554210492,0
0.07558783301317229,0
0.060457522581600254,0
0.059352868762923394,0
0.07642061168420222,0
0.05613252723550832,0
0.07179023982458765,0
0.05671252663475923,0
0.06877488731733489,0
0.06250280733074487,0
0.052639906117111335,0
0.06787756338384876,0
0.076773515167469,0
0.06628311072853293,0
0.06697851526491194,0
0.050187029802401084,0
0.0788234945352504,0
0.05940577045014345,0
0.06994719163920549,0
0.05983626890802901,0
0.07230898073991004,0
0.052315967512155226,0
0.06842690079577013,0
0.06141199553371157,0
0.04590243442820641,0
0.0756745440038577,0
0.0722314973417294,0
0.06727356198665252,0
0.05716814725883329,0
0.07114765390551753,0
0.05864411475466219,0
0.0691994103983446,0
0.04986544812968918,0
0.07760125686385905,0
0.06214104329639436,0
0.07299470184817775,0
0.05431487312863886,0
0.07156179292115444,0
0.05607179291745318,0
0.058140872627316875,0
0.0679367031788996,0
0.06499175531261431,0
0.06495047086871125,0
0.06381521377236982,0
0.06623910707697855,0
0.06744660199652686,0
0.053279727005559385,0
0.07309608938452339,0
0.06683253460839828,0
0.06959406789997058,0
0.0704598162487799,0
0.06709054379077484,0
0.05871530576831502,0
0.07680300932295425,0
0.06506012273318168,0
0.053609508267412675,0
0.05942035125027212,0
0.052288024135470956,0
0.07083608416288828,0
0.04531234108624532,0
0.06309441500016871,0
0.0669695379917647,0
0.06536047358577135,0
0.06258252322203228,0
0.05687449280137352,0
0.054205529935224206,0
0.07089632420262809,0
0.06568722933564586,0
0.06841125190291869,0
0.061275683451311846,0
0.059864483067780805,0
0.07503514717282733,0
0.058083508968116926,0
0.06265148203746146,0
0.0669613766632019,0
0.07019592897841365,0
0.07612801383951173,0
0.04627741553261039,0
0.06893584104799377,0
0.06295367567205623,0
0.07250975844126994,0
0.05653242690164656,0
0.06758074935661762,0
0.0691597540499555,0
0.0780968867096899,0
0.053867601206437576,0
0.06502015670081907,0
0.06547555365229762,0
0.059059730307411906,0
0.070106219834986,0
0.06868887878279184,0
0.05559238296104024,0
0.0663596598766209,0
0.07040449719760994,0
0.05439185423581738,0
0.07402751272038066,0
0.06971504064853018,0
0.0599590468990332,0
0.06854153544778663,0
0.05622105517173709,0
0.06774854423727034,0
0.07331260832627035,0
0.048030609240366506,0
0.053591491633558475,0
0.06092188233173762,0
0.05351821452712319,0
0.0560044513390584,0
0.058490095575286505,0
0.07689599069451969,0
0.05138550195558661,0
0.057324835581209876,0
0.07225153304643694,0
0.06599055784030033,0
0.07038378960806208,0
0.07179436116913906,0
0.06485308286736324,0
0.05034167239370069,0
0.04308902007528059,0
0.05642802014836007,0
0.0675674015075029,0
0.06474089086274593,0
0.0680976075542451,0
0.05178722600345925,0
0.06589467833661944,0
0.06856921634067209,0
0.058159345056171596,0
0.06390117210119545,0
0.044396952581797766,0
0.0687714983482649,0
0.07356558867455515,0
0.05479121769467982,0
0.05340601310991666,0
0.04522593118059215,0
0.058472258700949575,0
0.061169679975361324,0
0.0432625764675349,0
0.06557121515696807,0
0.0695735431551272,0
0.06118708827636099,0
0.04622886902375645,0
0.03579310081276893,0
0.044353032846105034,0
0.06983653026861042,0
0.07382286677546751,0
0.047038274743374575,0
0.05923164296643568,0
0.04121574931215399,0
0.051171970226261465,0
0.06591873323686692,0
0.06323549926532879,0
0.0498863436242043,0
0.06437915780909886,0
0.05340444253934662,0
0.06424920008013163,0
0.06375419959815753,0
0.05208558152122661,0
0.02983839963564705,0
0.06410562885071075,0
0.05949551250651147,0
0.07467161869484418,0
0.0723614373445734,0
0.03192170594242416,0
0.03690730109597434,0
0.04925966833834711,0
0.07904734951284903,0
0.05364718381558581,0
0.07260625729288672,0
0.06202297614581104,0
0.044325958492856365,0
0.04128944418702141,0
0.05942202678395092,0
0.058338060621287546,0
0.06745467322508736,0
0.07719752610414127,0
0.06337750824780952,0
0.06293657574622957,0
0.07844299452327136,0
0.06983405984620422,0
0.048356936471988854,0
0.08100040550866772,0
0.06795780300016463,0
0.05120781865621604,0
0.06625350068583602,0
0.07093041161322633,0
0.07882739732281235,0
0.06605543843788536,0
0.057903367880369094,0
0.0546384953757737,0
0.05528993805047816,0
0.08050110454923864,0
0.07669755332812289,0
0.06649094398639604,0
0.06682396376141175,0
0.03402539405763727,0
0.061623849254455854,0
0.03772438165226344,0
0.051520065700774054,0
0.03462066177519735,0
0.03331275328727901,0
0.040543416061706916,0
0.03488175298852758,0
0.05607956190488961,0
0.04220910299016545,0
0.033696253303582335,0
0.038072007120296125,0
0.03361643250968949,0
0.04242661097908379,0
0.03519296415384732,0
0.03549229975282964,0
0.040506640546610406,0
0.053784944324904105,0
0.036350891183836276,0
0.037287879686935144,0
0.03414615577062252,0
0.028735591465246513,0
0.03227990565733463,0
0.027188540155776597,0
0.061283665439553714,0
0.03571304184425106,0
0.040132663840664884,0
0.05416784129509472,0
0.037043058251489236,0
0.07210549735837918,0
0.038062550961257935,0
0.03657900840371109,0
0.040219004236987155,0
0.03557660246940758,0
0.06720936351339563,0
0.043633858767443856,0
0.06356556824449139,0
0.038358890715405325,0
0.0348726734500146,0
0.05114202031667037,0
0.03331275328727901,0
0.01597478580045464,0
0.015440446963557564,0
0.06174785445279002,0
0.06657893266454251,0
0.03434564239842591,0
0.014650493584385138,0
0.011676821889649636,0
0.035552898175473024,0
0.04910737506076024,0
0.05265198573441904,0
0.016006651815775652,0
0.01662168230394029,0
0.03363536206954604,0
0.06483562557034872,0
0.016279755436241106,0
0.014069414100503719,0
0.03361643250968949,0
0.06656129693177526,0
0.05266307944959919,0
0.014246215463690648,0
0.015790777352690077,0
0.04336944549910865,0
0.013260062798240768,0
0.04806306517886777,0
0.014246215463690648,0
0.01745762798470063,0
0.038170731505662414,0
0.013260062798240768,0
0.051702153417543584,0
0.07148625251895274,0
0.015946949189859727,0
0.061210289635364956,0
0.014827600495460558,0
0.03434564239842591,0
0.016884558202281963,0
0.06255933679078501,0
0.015211796927225019,0
0.012895719635289071,0
0.014929648231697512,0
0.05959791393824343,0
0.06767514897102883,0
0.05100658776033451,0
0.014924514452617443,0
0.041833301594777106,0
0.012285884332288721,0
0.016858395936101223,0
0.05985190741936408,0
0.016006651815775652,0
0.04259968972656808,0
0.054693838561601926,0
0.013809799419106372,0
0.04497470007461274,0
0.040132663840664884,0
0.017670302373049007,0
0.0683620653769082,0
0.03609137201415413,0
0.040132663840664884,0
0.014556141798757805,0
0.06651179171758298,0
0.035453090968407874,0
0.05932075809898796,0
0.034974398422693065,0
0.05587729927294832,0
0.039962103065212806,0
0.015469809855058636,0
0.035453090968407874,0
0.037296116832618686,0
0.040506640546610406,0
0.015196158051071107,0
0.03571304184425106,0
0.03592774807967408,0
0.03961857070994029,0
0.016123949856639508,0
0.03887382706854303,0
0.06109030653477476,0
0.024947938973821193,0
0.04945341014395721,0
0.036223174736583874,0
0.038292051576539476,0
0.038404641178487964,0
0.03554237970733959,0
0.027474797409984708,0
0.034747246151127786,0
0.038292051576539476,0
0.03579301830900228,0
0.03806962563233407,0
0.06481815938591234,0
0.041629305367193725,0
0.04597550431331027,0
0.03540796112053207,0
0.02752041246308029,0
0.03939814972634159,0
0.03428631056696835,0
0.06388628897928733,0
0.03331275328727901,0
0.04259968972656808,0
0.0674984005050197,0
0.03071708876790702,0
0.05851558551732494,0
0.04220910299016545,0
0.03557045671312431,0
0.03579310081276893,0
0.01632654019851254,0
0.034511604572344645,0
0.06956297778761084,0
0.030190246114489727,0
0.02980842660381644,0
0.04220910299016545,0
0.03534231575522773,0
0.04182304436491496,0
0.05776420805319604,0
0.0288326334366944,0
0.040132663840664884,0
0.038072007120296125,0
0.0349719231580804,0
0.028568025795506324,0
0.06598397566567321,0
0.04144192125631441,0
0.03609137201415413,0
0.03730193374106405,0
0.008543103095017046,0
0.026841269396360168,0
0.037363932855471294,0
0.03987570423239345,0
0.035453090968407874,0
0.03580227019207616,0
0.024947938973821193,0
0.040194957945717424,0
0.062152050667424685,0
0.040132663840664884,0
0.035453090968407874,0
0.03580227019207616,0
0.013619457534658541,0
0.03566794252028549,0
0.02650499004655843,0
0.030657650447104667,0
0.03554237970733959,0
0.03571304184425106,0
0.038358890715405325,0
-0.001201731378381865,1
0.06715810957384455,0
0.02878424203743013,0
0.040543416061706916,0
0.03660042451328355,0
0.0034226524361304356,0
0.029984745038649396,0
0.011169616594278009,0
0.04178757098936109,0
0.028375715297737802,0
0.03478978644300085,0
-0.004821346857154685,1
0.054851889938506315,0
0.0034226524361304356,0
0.016053468242687607,0
0.04127571874950975,0
0.035032603636356074,0
0.03439195685410118,0
0.05824725164634248,0
0.0034226524361304356,0
0.040506640546610406,0
0.0024762770492109953,0
0.03657900840371109,0
0.0349719231580804,0
0.002645997830268254,0
0.040132663840664884,0
0.028309687800177452,0
0.03703754032940937,0
0.038503179401752796,0
0.008173699590401928,0
0.0013213552051243305,0
0.036350891183836276,0
0.03666803557245302,0
0.0020732038622914284,0
0.07152247109944293,0
-0.0035330980332443085,1
0.03605273927244529,0
0.0314466994509473,0
0.013619457534658541,0
0.0037042673387319147,0
-0.004097494052703543,1
0.035675355779549556,0
0.061783596229084026,0
0.003304824548169716,0
0.01572351694952656,0
0.029256866971444584,0
0.06632322576701039,0
0.0037042673387319147,0
0.034511604572344645,0
-0.0008587740709189995,1
0.014797547297694613,0
0.03334298655262968,0
0.047082724892570094,0
0.06645918468561757,0
0.003022939296595639,0
0.01632654019851254,0
0.02980842660381644,0
0.0349719231580804,0
0.0024762770492109953,0
0.002928138029023475,0
0.0699364556457896,0
0.0413174253026094,0
0.036061984897938826,0
0.057207723400546195,0
0.06670248353752362,0
0.028401699842885708,0
0.0364087310509299,0
0.0013213552051243305,0
0.06655269415948123,0
0.028309687800177452,0
0.029374933728195995,0
0.06642522107141724,0
-0.003524285545319805,1
0.07215921854979668,0
0.061909478098047144,0
0.03361643250968949,0
0.038903757317268695,0
0.024947938973821193,0
0.05297633386741063,0
0.0013180911939759676,0
0.03592774807967408,0
0.0625175382978318,0
0.07780699991656476,0
0.025850762201343358,0
0.03566794252028549,0
0.03938892728444593,0
0.07289779132209673,0
0.06912497572581222,0
0.02878424203743013,0
0.07827581058422256,0
0.00015996407322727002,0
0.06562295249618927,0
0.029987337403895697,0
0.002130677967384531,0
0.036312366963871745,0
0.028577451753751038,0
0.06790072499553945,0
0.07362420035771117,0
0.03734029778085979,0
0.005622754655738249,0
0.0288326334366944,0
0.06230029579064078,0
0.06299966349100672,0
0.04157340979204782,0
0.04182304436491496,0
0.028312671401708123,0
0.05983366682508923,0
0.07792455799162418,0
-0.0016622927115348407,1
0.037141194307955094,0
0.034331101230570205,0
0.023355034152887477,0
0.029862695492165248,0
0.05770874755468597,0
0.047180651929326856,0
0.009783741138575108,0
0.04670659500176094,0
0.05976423392462055,0
0.05433180522081238,0
0.04656862044752741,0
0.03285093238022291,0
0.05467620207301749,0
0.035092130400535604,0
0.05213580644852139,0
0.04711374711533661,0
0.056793812429675516,0
0.04711374711533661,0
0.03683640857687154,0
0.06085625053928506,0
0.05008470556275163,0
0.0224901237529192,0
0.039811337600698216,0
0.023355034152887477,0
0.046696552338204356,0
0.05467620207301749,0
0.05721509400248298,0
0.04656862044752741,0
0.009783741138575108,0
0.04797983892383967,0
0.05396742991566711,0
0.05213580644852139,0
0.04711374711533661,0
0.03311264324549701,0
0.014848418459094959,0
0.047426351616336015,0
0.014848418459094959,0
0.016721021304773542,0
0.04303452704543825,0
0.050176395315681355,0
0.05586128745342811,0
0.027652797732637235,0
0.027813715293198427,0
0.05482504374805425,0
0.028290417008903612,0
0.043305322860242856,0
0.030442583997971673,0
0.024447016205460304,0
0.034850051354050504,0
0.02817713055973431,0
0.04997512680870497,0
0.03526870670707699,0
0.02961827645391346,0
0.049962755008012116,0
0.052619390286860857,0
0.07697248579428184,0
0.07307743780950204,0
0.05640413411957956,0
0.06316658683305276,0
0.05644141003412695,0
0.0744193227548352,0
0.046484561444951444,0
0.07139354525055336,0
0.0603074271118767,0
0.05211863856903981,0
0.06567730611679323,0
0.06318547057317109,0
0.06682006257629508,0
0.049461274086311846,0
0.0452929920180099,0
0.06603728414194615,0
0.07178062011595054,0
0.06549043656200881,0
0.05771048021720748,0
0.04236674063203688,0
0.06456775547161009,0
0.06655269415948123,0
0.050492587326597727,0
0.07105858412708366,0
0.0636585143976629,0
0.053784944324904105,0
0.05453920992469452,0
0.06356556824449139,0
0.0674984005050197,0
0.05114202031667037,0
0.06487612220856176,0
0.07741064368092015,0
0.06609215829775617,0
0.07594913921281987,0
0.06995968292361227,0
0.05716965236271643,0
0.04753415479504114,0
0.07316066403697691,0
0.0683325548935298,0
0.06378455894270646,0
0.053999124668401566,0
0.059964773881803546,0
0.047946437236280615,0
0.057603234486574895,0
0.06737983926944324,0
0.07133164369019651,0
0.047989472436148595,0
0.0656948295256723,0
0.06603105323987679,0
0.03710493158217315,0
0.05705992909092139,0
0.06549653382070275,0
0.06376795153618514,0
0.05765725705896568,0
0.05649117879764637,0
0.07428341179937675,0
0.05849702449128252,0
0.06407828229033341,0
0.05928570563249708,0
0.06940367297954353,0
0.06119869088189106,0
0.06423977004989884,0
0.04506493571124842,0
0.05502443915641242,0
0.053502963413665505,0
0.06763167524621683,0
0.05793395298047482,0
0.05908159253603856,0
0.04470099443010256,0
0.07835552848117955,0
0.07328778985101692,0
0.05214706383082729,0
0.0605739178691555,0
0.05344727742159944,0
0.04504617187053239,0
0.04259281852595154,0
0.053204407331608916,0
0.06953180812929416,0
0.056811676118957544,0
0.0634241462777907,0
0.055193120780848426,0
0.0734309261506294,0
0.06423805137287814,0
0.06796880313329517,0
0.06269882094033857,0
0.05671553685339731,0
0.04246047234159511,0
0.053191883488445335,0
0.06518373497796881,0
0.06586620534819737,0
0.05515987632277919,0
0.060387616529638144,0
0.07036444616778337,0
0.06800996550183569,0
0.06852450993396625,0
0.059915241064578795,0
0.06423663771864002,0
0.06060695531635324,0
0.06514087087042086,0
0.056794271181533906,0
0.07260471801210289,0
0.07516540069381933,0
0.06373018507735573,0
0.05581172785554883,0
0.07021409696695474,0
0.0777724011096409,0
0.06893142764547017,0
0.059006130618218855,0
0.07446745817684658,0
0.06522870027248162,0
0.07189776616781984,0
0.06172101445807737,0
0.0503339308409248,0
0.06904719943015625,0
0.0685053706650281,0
0.07498281333328505,0
0.05912517740045564,0
0.07321248272507602,0
0.07996880535346779,0
0.06883136017123609,0
0.06524686716449923,0
0.06274121134576255,0
0.05177364803460999,0
0.07498281333328505,0
0.06980398739294275,0
0.07223516194594093,0
0.061614761131724705,0
0.07160999479051772,0
0.06949762394416698,0
0.0733705694335739,0
0.05384827643914336,0
0.07788481378908746,0
0.06128120439650381,0
0.0728485603438172,0
0.06119869611922607,0
0.0693812241627832,0
0.07797663267108479,0
0.06679415712523534,0
0.0753754572512162,0
0.08235789370109975,0
0.07341536109336533,0
0.0751935678765982,0
0.06587343136960921,0
0.06902531801527317,0
0.07296303961302925,0
0.07357492893923145,0
0.07814700339220265,0
0.06099180200311166,0
0.06182584105324879,0
0.07281750173229606,0
0.0630947112051311,0
0.07327030723127353,0
0.06998192306541562,0
0.06438505040732045,0
0.07458495121442027,0
0.06906071958506466,0
0.04077704018422845,0
0.050313594958608265,0
0.06552314158783101,0
0.04766695124277143,0
0.056178863403147206,0
0.055350925756030456,0
0.05436379225523286,0
0.06378994665213494,0
0.056154274558135375,0
0.06583915665325363,0
0.065680846113996,0
0.05744347843450509,0
0.057081177489722246,0
0.05561005038605682,0
0.06669289113969645,0
0.06212321849361707,0
0.06943405971584732,0
0.06004111410498425,0
0.06386008387064251,0
0.058771420973832755,0
0.053539285544712434,0
0.062045785291258315,0
0.04212764935691915,0
0.05105351070017239,0
0.0626126431692936,0
0.06581030709942826,0
0.057277044412765654,0
0.060037417352155176,0
0.06607435301271208,0
0.06799029690833691,0
0.06505541680887483,0
0.0542508349193912,0
0.04990254869329075,0
0.060963443613641866,0
0.06521431216886453,0
0.06508836006631474,0
0.05608286340679869,0
0.050134796653737435,0
0.059784223775625533,0
0.0635745388103065,0
0.06557282750713084,0
0.048073864133117095,0
0.041104016422051415,0
0.04744239287342927,0
0.06243336945597677,0
0.07018872962005307,0
0.06955621005447132,0
0.07499823342099765,0
0.05165822656973462,0
0.057080603274809516,0
0.052121771999457445,0
0.052605259693973394,0
0.05975893487154649,0
0.06886339439685862,0
0.04755531524761991,0
0.06732749716120828,0
0.04004472890412414,0
0.05557445035429892,0
0.07342175666265116,0
0.051891007139759915,0
0.07703649095046006,0
0.04782543926798827,0
0.05813185780915886,0
0.03831527981343191,0
0.06837764326605716,0
0.06153570958003868,0
0.06687295719407932,0
0.05028337235973096,0
0.06473766830887534,0
0.04068968915974541,0
0.05900802712744185,0
0.04764203688920371,0
0.06847699960196163,0
0.06509499819152947,0
0.06185605503949909,0
0.0306011145298134,0
0.04218757492314634,0
0.04762978547374308,0
0.054303889269270045,0
0.05337861842692121,0
0.06091875916743966,0
0.0599712456029709,0
0.0680601977303808,0
0.046243345135340064,0
0.02904350860524335,0
0.06768133652221281,0
0.04792509386607208,0
0.045869652336996525,0
0.07173212644883609,0
0.037382577403923756,0
0.07255858063088066,0
0.06459423397185099,0
0.06422988535784402,0
0.07262268374480324,0
0.03669172938340981,0
0.05686306399520108,0
0.05761153515178852,0
0.0285992877157773,0
0.03647829453745283,0
0.05048828436139957,0
0.05613404581638837,0
0.056971483977796944,0
0.07429219036249668,0
0.05349229706308806,0
0.050309186183342514,0
0.037047208938587206,0
0.06087827082956376,0
0.0405002282376562,0
0.07580123087726887,0
0.04659063459983748,0
0.06072973891728817,0
0.0523236704346553,0
0.04903184957236234,0
0.05057740475643141,0
0.06923635240599069,0
